{
    "INDP": 0.5865949119373777,
    "PINCP": 0.2625978473581213,
    "WGTP": 0.07803326810176126,
    "DPHY": 0.9017857142857143,
    "DEYE": 0.9728473581213307,
    "DEAR": 0.9650195694716243,
    "NOC": 0.6931262230919765,
    "PWGTP": 0.010518590998043052,
    "DVET": 0.9878913894324853,
    "DENSITY": 1.0,
    "NPF": 0.5249510763209393,
    "POVPIP": 0.4181751467710372,
    "HOUSING_TYPE": 0.9790851272015656,
    "PINCP_DECILE": 0.3964041095890411,
    "AGEP": 0.07301859099804306,
    "DREM": 0.9279598825831703
}