{
    "same": {
        "fsim": {
            "fsim": 1.0
        },
        "issm": {
            "issm": 0.0
        },
        "psnr": {
            "psnr": Infinity
        },
        "rmse": {
            "rmse": 0.0
        },
        "sam": {
            "sam": 0.0
        },
        "sre": {
            "sre": Infinity
        },
        "ssim": {
            "ssim": 1.0
        },
        "uiq": {
            "uiq": 0.2743531182294104
        }
    },
    "AIM": {
        "fsim": {
            "fsim": 0.4568003838082353
        },
        "issm": {
            "issm": 0.0
        },
        "psnr": {
            "psnr": 38.38321619062298
        },
        "rmse": {
            "rmse": 0.01190862338989973
        },
        "sam": {
            "sam": 0.0
        },
        "sre": {
            "sre": 58.201456281515895
        },
        "ssim": {
            "ssim": 0.9397054210998298
        },
        "uiq": {
            "uiq": 0.06889032464536306
        }
    },
    "Aindo": {
        "fsim": {
            "fsim": 0.5158547453733265
        },
        "issm": {
            "issm": 0.0
        },
        "psnr": {
            "psnr": 39.98757961448972
        },
        "rmse": {
            "rmse": 0.009898480027914047
        },
        "sam": {
            "sam": 0.0
        },
        "sre": {
            "sre": 59.00864094682116
        },
        "ssim": {
            "ssim": 0.9533075798835338
        },
        "uiq": {
            "uiq": 0.0745646053787124
        }
    },
    "Anonos": {
        "fsim": {
            "fsim": 0.5138917848715581
        },
        "issm": {
            "issm": 0.0
        },
        "psnr": {
            "psnr": 39.989619998214444
        },
        "rmse": {
            "rmse": 0.009905760176479816
        },
        "sam": {
            "sam": 0.0
        },
        "sre": {
            "sre": 58.998610386375425
        },
        "ssim": {
            "ssim": 0.9534902447843052
        },
        "uiq": {
            "uiq": 0.07360889910082041
        }
    },
    "CART": {
        "fsim": {
            "fsim": 0.5086877532698616
        },
        "issm": {
            "issm": 0.0
        },
        "psnr": {
            "psnr": 39.259947452362944
        },
        "rmse": {
            "rmse": 0.010811097919940948
        },
        "sam": {
            "sam": 0.0
        },
        "sre": {
            "sre": 58.370822539569936
        },
        "ssim": {
            "ssim": 0.9461201462731325
        },
        "uiq": {
            "uiq": 0.08381995871712083
        }
    },
    "Genetic": {
        "fsim": {
            "fsim": 0.43898977600268596
        },
        "issm": {
            "issm": 0.0
        },
        "psnr": {
            "psnr": 38.44493529991664
        },
        "rmse": {
            "rmse": 0.011926822364330292
        },
        "sam": {
            "sam": 0.0
        },
        "sre": {
            "sre": 58.13200559402397
        },
        "ssim": {
            "ssim": 0.9421417876761549
        },
        "uiq": {
            "uiq": 0.06967430860603681
        }
    },
    "K6-Anon": {
        "fsim": {
            "fsim": 0.5199126420947321
        },
        "issm": {
            "issm": 0.0
        },
        "psnr": {
            "psnr": 39.13831065723729
        },
        "rmse": {
            "rmse": 0.010992954485118389
        },
        "sam": {
            "sam": 0.0
        },
        "sre": {
            "sre": 58.39901734197382
        },
        "ssim": {
            "ssim": 0.9526738847497294
        },
        "uiq": {
            "uiq": 0.10979952723665432
        }
    },
    "MostlyAI": {
        "fsim": {
            "fsim": 0.5208171980578493
        },
        "issm": {
            "issm": 0.0
        },
        "psnr": {
            "psnr": 40.38415899443204
        },
        "rmse": {
            "rmse": 0.009463521651923656
        },
        "sam": {
            "sam": 0.0
        },
        "sre": {
            "sre": 59.2854114844576
        },
        "ssim": {
            "ssim": 0.9569333725558146
        },
        "uiq": {
            "uiq": 0.07333836721059095
        }
    },
    "mwem-pgm": {
        "fsim": {
            "fsim": 0.4302597168590292
        },
        "issm": {
            "issm": 0.0
        },
        "psnr": {
            "psnr": 38.05577087106538
        },
        "rmse": {
            "rmse": 0.012420479208230972
        },
        "sam": {
            "sam": 0.0
        },
        "sre": {
            "sre": 57.983741335921614
        },
        "ssim": {
            "ssim": 0.935046045206215
        },
        "uiq": {
            "uiq": 0.06914387245464004
        }
    },
    "Pategan": {
        "fsim": {
            "fsim": 0.42625222642376537
        },
        "issm": {
            "issm": 0.0
        },
        "psnr": {
            "psnr": 37.64780890753498
        },
        "rmse": {
            "rmse": 0.013065338134765625
        },
        "sam": {
            "sam": 0.0
        },
        "sre": {
            "sre": 57.72796454574839
        },
        "ssim": {
            "ssim": 0.9365244731387902
        },
        "uiq": {
            "uiq": 0.06662821178740601
        }
    },
    "PRAM": {
        "fsim": {
            "fsim": 0.4955122294169166
        },
        "issm": {
            "issm": 0.0
        },
        "psnr": {
            "psnr": 37.07062010852614
        },
        "rmse": {
            "rmse": 0.013847594149410725
        },
        "sam": {
            "sam": 0.0
        },
        "sre": {
            "sre": 57.3925789476679
        },
        "ssim": {
            "ssim": 0.9227033116378857
        },
        "uiq": {
            "uiq": 0.13852712139731857
        }
    },
    "Sarus": {
        "fsim": {
            "fsim": 0.4574935783920549
        },
        "issm": {
            "issm": 0.0
        },
        "psnr": {
            "psnr": 38.29572220601844
        },
        "rmse": {
            "rmse": 0.012132319621741772
        },
        "sam": {
            "sam": 0.0
        },
        "sre": {
            "sre": 57.895711071589005
        },
        "ssim": {
            "ssim": 0.9356655245446038
        },
        "uiq": {
            "uiq": 0.08723660291246582
        }
    },
    "CTGAN": {
        "fsim": {
            "fsim": 0.4632311773085087
        },
        "issm": {
            "issm": 0.0
        },
        "psnr": {
            "psnr": 39.13598312857878
        },
        "rmse": {
            "rmse": 0.010968565009534359
        },
        "sam": {
            "sam": 0.0
        },
        "sre": {
            "sre": 58.51908831489461
        },
        "ssim": {
            "ssim": 0.9485098196357501
        },
        "uiq": {
            "uiq": 0.06987309904849302
        }
    },
    "SMOTE": {
        "fsim": {
            "fsim": 0.5803075454427313
        },
        "issm": {
            "issm": 0.0
        },
        "psnr": {
            "psnr": 40.89285813617026
        },
        "rmse": {
            "rmse": 0.008940554223954678
        },
        "sam": {
            "sam": 0.0
        },
        "sre": {
            "sre": 59.428011060646064
        },
        "ssim": {
            "ssim": 0.9624112673527221
        },
        "uiq": {
            "uiq": 0.1013931275051833
        }
    },
    "Sample40": {
        "fsim": {
            "fsim": 0.6438306506410735
        },
        "issm": {
            "issm": 0.0
        },
        "psnr": {
            "psnr": 41.36985014355264
        },
        "rmse": {
            "rmse": 0.008440789766609669
        },
        "sam": {
            "sam": 0.0
        },
        "sre": {
            "sre": 59.71581538640953
        },
        "ssim": {
            "ssim": 0.9676893916795186
        },
        "uiq": {
            "uiq": 0.13039132718497762
        }
    },
    "SynDiffix": {
        "fsim": {
            "fsim": 0.4882123632858824
        },