{
    "same": {
        "fsim": {
            "fsim": 1.0
        },
        "issm": {
            "issm": 0.0
        },
        "psnr": {
            "psnr": 1000000000.0
        },
        "rmse": {
            "rmse": 0.0
        },
        "sam": {
            "sam": 0.0
        },
        "sre": {
            "sre": 1000000000.0
        },
        "ssim": {
            "ssim": 1.0
        },
        "uiq": {
            "uiq": 0.5804293138677317
        }
    },
    "AIM": {
        "fsim": {
            "fsim": 0.6538608144217716
        },
        "issm": {
            "issm": 0.0
        },
        "psnr": {
            "psnr": 42.025602685806085
        },
        "rmse": {
            "rmse": 0.007882959209382534
        },
        "sam": {
            "sam": 0.0
        },
        "sre": {
            "sre": 59.760832435858845
        },
        "ssim": {
            "ssim": 0.9667174762219307
        },
        "uiq": {
            "uiq": 0.35078606796917516
        }
    },
    "Aindo": {
        "fsim": {
            "fsim": 0.7160863155137003
        },
        "issm": {
            "issm": 0.0
        },
        "psnr": {
            "psnr": 42.82646743766689
        },
        "rmse": {
            "rmse": 0.00713573070243001
        },
        "sam": {
            "sam": 0.0
        },
        "sre": {
            "sre": 60.23409073907682
        },
        "ssim": {
            "ssim": 0.9724127888123689
        },
        "uiq": {
            "uiq": 0.37686274451935026
        }
    },
    "Anonos": {
        "fsim": {
            "fsim": 0.7119851021746028
        },
        "issm": {
            "issm": 0.0
        },
        "psnr": {
            "psnr": 42.82017629340921
        },
        "rmse": {
            "rmse": 0.007149588316679001
        },
        "sam": {
            "sam": 0.0
        },
        "sre": {
            "sre": 60.21804800540116
        },
        "ssim": {
            "ssim": 0.9720940777148721
        },
        "uiq": {
            "uiq": 0.37457306379050587
        }
    },
    "CART": {
        "fsim": {
            "fsim": 0.6937952046145832
        },
        "issm": {
            "issm": 0.0
        },
        "psnr": {
            "psnr": 42.01993950305655
        },
        "rmse": {
            "rmse": 0.007833827286958694
        },
        "sam": {
            "sam": 0.0
        },
        "sre": {
            "sre": 59.69782933651011
        },
        "ssim": {
            "ssim": 0.9660137136255863
        },
        "uiq": {
            "uiq": 0.3969063398879887
        }
    },
    "Genetic": {
        "fsim": {
            "fsim": 0.5643454567212249
        },
        "issm": {
            "issm": 0.0
        },
        "psnr": {
            "psnr": 40.51042547501217
        },
        "rmse": {
            "rmse": 0.009193820878863335
        },
        "sam": {
            "sam": 0.0
        },
        "sre": {
            "sre": 59.34275583601532
        },
        "ssim": {
            "ssim": 0.9572923149000797
        },
        "uiq": {
            "uiq": 0.338948815925743
        }
    },
    "K6-Anon": {
        "fsim": {
            "fsim": 0.6681498039280775
        },
        "issm": {
            "issm": 0.0
        },
        "psnr": {
            "psnr": 42.35618154738681
        },
        "rmse": {
            "rmse": 0.007517386693507433
        },
        "sam": {
            "sam": 0.0
        },
        "sre": {
            "sre": 60.25444085539757
        },
        "ssim": {
            "ssim": 0.9720919634253558
        },
        "uiq": {
            "uiq": 0.3574259619212067
        }
    },
    "MostlyAI": {
        "fsim": {
            "fsim": 0.7255396803355877
        },
        "issm": {
            "issm": 0.0
        },
        "psnr": {
            "psnr": 43.414821038249976
        },
        "rmse": {
            "rmse": 0.006681801751255989
        },
        "sam": {
            "sam": 0.0
        },
        "sre": {
            "sre": 60.60328496424102
        },
        "ssim": {
            "ssim": 0.9756856532736581
        },
        "uiq": {
            "uiq": 0.36459220559659766
        }
    },
    "mwem-pgm": {
        "fsim": {
            "fsim": 0.6273690674128831
        },
        "issm": {
            "issm": 0.0
        },
        "psnr": {
            "psnr": 41.311175361761
        },
        "rmse": {
            "rmse": 0.008572888560593128
        },
        "sam": {
            "sam": 0.0
        },
        "sre": {
            "sre": 59.39761161004115
        },
        "ssim": {
            "ssim": 0.9616573259290849
        },
        "uiq": {
            "uiq": 0.34306128832702903
        }
    },
    "Pategan": {
        "fsim": {
            "fsim": 0.6381883961994387
        },
        "issm": {
            "issm": 0.0
        },
        "psnr": {
            "psnr": 41.53098776830732
        },
        "rmse": {
            "rmse": 0.008378189988434315
        },
        "sam": {
            "sam": 0.0
        },
        "sre": {
            "sre": 59.49131187971947
        },
        "ssim": {
            "ssim": 0.9659650168828201
        },
        "uiq": {
            "uiq": 0.3351128764349978
        }
    },
    "PRAM": {
        "fsim": {
            "fsim": 0.7449565443996643
        },
        "issm": {
            "issm": 0.0
        },
        "psnr": {
            "psnr": 42.975003091306476
        },
        "rmse": {
            "rmse": 0.006993232760578394
        },
        "sam": {
            "sam": 0.0
        },
        "sre": {
            "sre": 60.47296692987929
        },
        "ssim": {
            "ssim": 0.9753454539493442
        },
        "uiq": {
            "uiq": 0.4397335853184914
        }
    },
    "Sarus": {
        "fsim": {
            "fsim": 0.7031834256761776
        },
        "issm": {
            "issm": 0.0
        },
        "psnr": {
            "psnr": 42.97482872695245
        },
        "rmse": {
            "rmse": 0.007071366533637047
        },
        "sam": {
            "sam": 0.0
        },
        "sre": {
            "sre": 60.35051362128793
        },
        "ssim": {
            "ssim": 0.9715972875949062
        },
        "uiq": {
            "uiq": 0.3834173331332999
        }
    },
    "CTGAN": {
        "fsim": {
            "fsim": 0.6635759069705961
        },
        "issm": {
            "issm": 0.0
        },
        "psnr": {
            "psnr": 42.05313981713825
        },
        "rmse": {
            "rmse": 0.007850101217627525
        },
        "sam": {
            "sam": 0.0
        },
        "sre": {
            "sre": 59.78438108873391
        },
        "ssim": {
            "ssim": 0.968360397629731
        },
        "uiq": {
            "uiq": 0.3558131871409737
        }
    },
    "SMOTE": {
        "fsim": {
            "fsim": 0.7531100843049704
        },
        "issm": {
            "issm": 0.0
        },
        "psnr": {
            "psnr": 43.31551841941799
        },
        "rmse": {
            "rmse": 0.006736381445080042
        },
        "sam": {
            "sam": 0.0
        },
        "sre": {
            "sre": 60.501615389111564
        },
        "ssim": {
            "ssim": 0.9764413707103682
        },
        "uiq": {
            "uiq": 0.4105465596329473
        }
    },
    "Sample40": {
        "fsim": {
            "fsim": 0.7604018510987413
        },
        "issm": {
            "issm": 0.0
        },
        "psnr": {
            "psnr": 43.51550009680879
        },
        "rmse": {
            "rmse": 0.006618670653551817
        },
        "sam": {
            "sam": 0.0
        },
        "sre": {
            "sre": 60.549492379159695
        },
        "ssim": {
            "ssim": 0.9785604975316646
        },
        "uiq": {
            "uiq": 0.43723375134768416
        }
    },
    "SynDiffix": {
        "fsim": {
            "fsim": 0.6673946666254312
        },